,Id,Values_code,Values_Hour01,Values_Hour02,Values_Hour03,Values_Hour04,Values_Hour05,Values_Hour06,Values_Hour07,Values_Hour08,Values_Hour09,Values_Hour10,Values_Hour11,Values_Hour12,Values_Hour13,Values_Hour14,Values_Hour15,Values_Hour16,Values_Hour17,Values_Hour18,Values_Hour19,Values_Hour20,Values_Hour21,Values_Hour22,Values_Hour23,Values_Hour24,Date
362,Recurso,3AQP,,,,,,,,,,,,,,,,,,,425.04,362.12,337.92,370.04,346.28,348.92,2024-11-27
676,Recurso,3AQP,341.88,341.0,338.8,340.56,333.52,330.88,332.64,345.84,339.68,351.12,359.48,368.28,380.6,396.0,335.28,351.56,328.68,348.04,318.56,332.64,340.12,337.48,333.52,330.0,2024-11-28
984,Recurso,3AQP,319.0,321.64,322.08,341.88,322.52,268.84,0.44,631.84,638.88,521.4,475.2,450.12,430.32,421.96,421.96,387.64,393.36,417.12,501.6,302.28,436.04,344.52,367.84,344.52,2024-11-29
1283,Recurso,3AQP,323.84,341.44,323.84,315.48,321.2,319.88,329.12,318.12,337.48,352.88,374.44,363.44,363.44,350.68,352.88,341.44,338.36,340.56,347.6,355.08,330.88,331.32,326.48,225.72,2024-11-30
1589,Recurso,3AQP,188.76,344.52,352.88,352.44,289.96,350.24,309.32,317.24,315.04,326.04,342.32,348.48,352.44,348.48,335.28,322.08,330.88,331.32,313.28,314.6,314.6,316.36,310.64,308.0,2024-12-01
1901,Recurso,3AQP,311.08,315.92,317.24,315.48,309.32,224.4,327.36,344.52,229.68,391.16,315.48,355.52,280.28,350.68,363.0,319.88,315.48,310.2,302.72,341.88,290.84,279.84,301.4,307.12,2024-12-02
2205,Recurso,3AQP,306.68,299.64,287.76,286.88,284.68,297.88,290.84,287.76,295.68,310.2,289.52,223.96,382.8,380.6,312.4,299.2,311.52,296.56,326.48,269.72,286.0,289.96,293.04,297.0,2024-12-03
2502,Recurso,3AQP,296.56,296.56,298.32,301.84,303.16,331.32,417.12,243.32,344.52,295.68,340.56,376.64,284.68,354.64,288.64,323.4,272.8,302.28,294.8,285.12,303.16,278.96,306.24,273.24,2024-12-04
2803,Recurso,3AQP,282.48,282.04,273.68,270.16,262.68,279.84,289.96,340.12,392.48,475.64,313.28,356.4,393.36,325.6,301.4,323.4,334.84,333.52,400.4,404.8,403.92,308.44,301.4,312.4,2024-12-05
3100,Recurso,3AQP,274.56,276.76,253.0,265.32,271.48,253.0,243.76,270.6,260.04,266.2,268.84,276.76,274.56,253.44,265.76,263.56,245.08,237.6,245.08,253.88,248.16,241.56,252.56,244.64,2024-12-06
3398,Recurso,3AQP,241.56,228.36,247.72,232.32,235.84,270.16,243.76,253.0,242.88,231.88,109.12,254.76,246.84,307.56,321.2,267.08,319.0,310.64,278.52,288.2,271.92,260.48,260.92,262.68,2024-12-07
3694,Recurso,3AQP,263.56,274.56,310.64,245.52,272.36,259.6,261.36,264.0,257.84,319.88,323.84,333.08,328.24,320.76,308.44,313.72,319.0,315.92,289.08,297.44,304.92,313.28,315.92,292.16,2024-12-08
3999,Recurso,3AQP,297.0,296.12,285.56,288.64,292.16,276.32,280.28,295.68,286.0,225.72,322.96,312.84,315.92,317.68,314.16,300.96,281.6,272.36,328.68,302.72,243.76,317.24,315.92,275.44,2024-12-09
4306,Recurso,3AQP,278.08,282.04,291.28,270.16,238.04,284.24,254.32,281.6,239.36,274.12,343.2,291.72,294.36,319.44,288.2,296.56,282.92,278.96,275.0,278.52,275.0,276.76,284.24,283.8,2024-12-10
4615,Recurso,3AQP,284.24,272.36,253.88,254.76,263.12,279.84,273.24,268.4,268.4,260.92,289.52,328.68,289.96,315.04,272.36,251.68,323.4,252.12,259.6,275.88,286.0,312.4,291.28,273.24,2024-12-11
4928,Recurso,3AQP,281.16,281.16,281.6,283.8,288.64,302.28,92.4,383.68,381.04,286.88,231.0,345.84,405.24,298.76,328.68,346.28,302.28,279.84,309.32,269.72,298.76,304.48,296.12,285.56,2024-12-12
5242,Recurso,3AQP,288.2,276.76,265.32,267.52,274.12,299.2,261.8,277.2,272.36,269.72,320.32,316.36,306.24,313.28,313.72,271.04,270.16,297.0,273.68,251.68,281.6,253.0,273.24,297.44,2024-12-13
5554,Recurso,3AQP,293.48,59.84,,224.84,347.16,253.44,262.68,266.2,267.96,271.04,278.08,278.96,288.2,331.32,362.56,346.72,289.08,295.68,293.48,279.4,275.44,287.76,287.32,269.72,2024-12-14
5871,Recurso,3AQP,268.84,289.08,291.28,282.04,251.68,251.24,288.64,266.64,274.12,282.48,284.68,286.0,293.92,302.72,317.24,280.72,270.16,291.72,278.52,265.32,269.72,264.0,267.96,246.84,2024-12-15
6185,Recurso,3AQP,247.28,255.2,278.52,278.08,284.24,362.12,462.0,616.44,322.96,648.56,781.88,607.64,542.08,511.72,458.04,456.72,435.16,356.84,348.92,382.8,354.2,362.56,339.68,343.64,2024-12-16
6501,Recurso,3AQP,329.12,320.76,317.68,318.56,312.84,304.48,313.72,314.16,316.8,337.92,352.0,329.12,349.8,326.04,318.56,326.92,326.48,328.24,302.28,313.72,302.28,305.36,312.4,313.72,2024-12-17
6817,Recurso,3AQP,291.72,282.04,277.64,246.4,268.4,297.0,295.68,283.36,282.92,289.52,325.16,333.08,302.72,329.12,321.2,298.76,299.64,302.28,310.64,277.2,283.8,293.04,263.56,274.12,2024-12-18
53,Recurso,3AQP,317.24,330.88,330.88,331.32,331.32,388.08,358.6,343.64,350.24,308.88,367.84,357.28,322.52,352.0,371.36,350.24,334.84,314.6,316.8,307.12,303.16,302.28,307.56,318.12,2024-10-27
348,Recurso,3AQP,325.6,322.96,310.64,292.16,292.6,314.6,287.76,308.0,324.72,333.96,350.68,328.68,338.8,140.8,233.64,361.68,377.96,385.44,382.36,312.84,298.76,308.44,290.4,274.56,2024-10-28
644,Recurso,3AQP,318.12,309.32,276.32,289.96,258.28,275.0,273.68,271.04,274.56,203.72,281.16,311.96,310.64,227.48,262.24,301.84,233.2,275.88,238.48,233.64,272.36,285.12,260.04,247.72,2024-10-29
942,Recurso,3AQP,252.12,253.44,240.68,231.44,220.44,240.68,230.56,197.12,198.0,289.52,291.72,272.8,220.44,250.36,175.12,311.96,338.8,111.76,339.24,334.4,326.04,271.92,288.2,307.56,2024-10-30
1241,Recurso,3AQP,310.64,297.88,242.88,253.44,260.04,236.72,239.8,245.96,229.24,275.0,295.68,254.32,275.88,228.8,161.92,341.44,323.4,246.84,127.16,348.04,254.76,252.12,267.52,277.2,2024-10-31
1544,Recurso,3AQP,277.64,277.64,281.6,292.6,292.6,298.32,355.52,455.84,313.28,326.48,8.8,,116.16,62.48,217.8,120.12,464.64,381.48,360.36,334.4,222.2,416.68,313.28,309.32,2024-11-01
1837,Recurso,3AQP,280.28,273.24,274.12,274.56,244.64,375.32,251.68,271.48,250.8,277.2,277.2,362.56,311.96,299.64,327.8,286.0,270.16,233.64,258.28,298.76,297.44,298.76,310.64,279.4,2024-11-02
2139,Recurso,3AQP,277.2,267.96,259.16,262.68,250.36,234.52,285.12,256.08,260.48,274.12,268.84,283.36,275.0,322.96,269.28,250.8,249.04,276.32,558.36,606.76,633.16,555.72,586.96,517.44,2024-11-03
2447,Recurso,3AQP,48.4,495.88,801.24,800.36,660.88,634.92,538.12,508.64,454.52,378.4,,,504.24,429.44,471.68,392.04,421.52,363.88,373.12,352.88,352.0,346.72,343.64,331.76,2024-11-04
2748,Recurso,3AQP,310.2,334.84,298.76,299.64,296.12,294.36,307.56,296.12,303.16,326.92,344.96,319.88,289.52,321.64,306.24,309.32,280.72,298.76,297.44,279.84,278.96,280.72,255.2,264.88,2024-11-05
3057,Recurso,3AQP,289.52,289.52,284.24,260.04,260.48,265.32,282.04,267.96,237.6,267.08,354.64,304.04,224.4,282.04,330.44,356.4,278.08,260.48,283.36,265.76,271.92,271.92,264.44,269.28,2024-11-06
3358,Recurso,3AQP,271.92,270.6,253.44,240.68,242.0,238.92,262.68,253.88,262.68,266.2,194.48,359.48,273.24,245.52,295.68,301.4,275.44,298.32,308.88,304.92,274.56,286.0,280.28,277.64,2024-11-07
3671,Recurso,3AQP,281.6,284.24,298.76,320.76,102.96,233.2,708.84,787.6,796.4,830.28,435.16,743.6,579.04,78.32,894.96,923.56,931.92,930.6,927.52,864.16,896.72,888.36,828.08,762.52,2024-11-08
3977,Recurso,3AQP,759.0,765.16,773.08,777.48,777.48,755.92,597.96,681.56,672.32,631.4,592.68,622.6,565.84,638.0,605.44,575.52,561.0,557.92,557.04,603.24,598.84,521.84,591.8,591.36,2024-11-09
4284,Recurso,3AQP,553.96,504.68,469.92,486.64,468.6,464.64,460.68,470.36,454.08,469.92,317.68,445.72,469.04,513.48,519.2,493.68,465.96,469.04,446.6,431.64,386.76,457.16,374.88,405.24,2024-11-10
4584,Recurso,3AQP,405.68,407.0,415.8,509.52,507.32,672.76,735.68,635.8,542.52,532.4,497.2,502.04,515.68,496.32,495.0,467.28,487.96,444.84,421.08,471.24,427.24,421.08,434.28,413.16,2024-11-11
4884,Recurso,3AQP,414.04,414.04,413.6,414.48,416.24,396.0,367.4,429.44,381.48,429.88,409.64,413.6,415.8,416.24,400.4,404.36,254.32,267.96,429.88,434.72,391.16,359.92,371.36,379.28,2024-11-12
5186,Recurso,3AQP,385.0,372.24,375.32,151.8,152.24,522.28,305.8,395.12,251.68,498.96,259.16,468.16,410.96,381.92,373.56,379.72,366.08,351.56,361.68,354.2,351.12,355.96,359.04,355.96,2024-11-13
5487,Recurso,3AQP,347.16,330.44,317.68,290.84,349.8,413.6,469.48,517.88,495.88,455.84,383.68,279.4,393.36,406.12,395.12,346.28,346.72,353.76,344.52,333.52,333.52,333.52,328.68,333.96,2024-11-14
5785,Recurso,3AQP,334.84,324.72,311.96,316.8,312.84,317.24,272.8,247.72,278.52,279.84,440.88,351.12,306.24,366.96,333.52,353.32,325.6,320.32,320.32,315.04,313.28,316.36,309.32,316.36,2024-11-15
6082,Recurso,3AQP,320.32,326.92,326.92,333.96,304.92,241.56,341.88,297.44,310.2,291.28,357.28,361.24,333.96,343.2,335.72,333.96,312.84,347.6,275.0,348.92,284.24,332.2,290.4,305.36,2024-11-16
6385,Recurso,3AQP,312.4,302.72,295.68,298.76,289.96,306.24,468.16,457.6,207.24,427.24,740.52,572.0,612.48,491.04,455.84,428.56,412.72,401.28,376.64,372.68,363.44,352.44,358.6,340.12,2024-11-17
6689,Recurso,3AQP,341.44,347.6,205.04,355.08,361.24,353.76,296.12,367.84,348.48,485.76,444.84,349.8,472.12,418.44,574.2,825.88,645.48,546.04,491.48,448.8,456.28,416.68,430.32,400.4,2024-11-18
6994,Recurso,3AQP,417.12,440.0,473.44,408.76,462.88,514.8,285.56,444.4,429.0,440.44,424.6,416.24,388.08,384.12,422.4,330.0,400.4,488.84,357.72,407.88,357.28,358.16,371.8,383.68,2024-11-19
7297,Recurso,3AQP,367.84,365.2,377.96,359.48,351.56,361.24,358.16,358.6,360.8,363.88,128.04,,268.4,452.76,398.2,608.52,766.48,528.44,439.12,399.52,451.0,385.44,385.0,410.08,2024-11-20
7599,Recurso,3AQP,371.8,383.68,386.32,324.72,,707.96,827.64,726.44,714.56,645.48,582.12,550.88,524.04,615.56,524.04,494.56,579.92,507.32,476.52,487.52,501.16,531.08,441.76,424.6,2024-11-21
7902,Recurso,3AQP,425.04,472.56,466.84,463.76,477.84,660.0,680.68,533.28,487.08,518.76,542.96,145.64,295.24,503.36,438.68,483.12,497.2,502.92,534.16,535.48,476.08,474.76,471.68,470.8,2024-11-22
8204,Recurso,3AQP,476.08,476.52,488.4,504.68,513.04,563.64,614.68,619.52,629.64,634.48,638.44,635.36,570.68,547.36,602.36,526.68,527.56,567.16,498.08,528.88,513.48,493.24,488.4,488.84,2024-11-23
8505,Recurso,3AQP,494.12,500.72,508.2,508.2,542.08,537.68,444.84,480.48,510.4,518.32,509.08,465.52,513.04,518.32,461.56,,,,,,,,,,2024-11-24
45,Recurso,3AQP,320.32,298.32,314.6,278.96,307.12,308.44,299.2,300.08,301.4,71.28,305.8,401.72,334.84,312.4,313.28,318.56,321.2,317.68,246.4,288.64,295.24,277.2,286.44,286.0,2024-09-27
325,Recurso,3AQP,279.4,273.68,278.96,271.92,262.68,285.12,394.24,444.4,452.76,450.12,388.96,353.32,360.8,365.64,329.12,156.2,,226.6,616.44,721.16,436.92,441.76,372.68,348.92,2024-09-28
615,Recurso,3AQP,359.92,361.24,362.12,365.2,395.12,501.6,474.76,411.84,458.48,424.6,421.08,424.6,427.68,408.76,398.64,401.72,401.72,401.72,411.84,394.68,341.44,356.4,369.6,370.04,2024-09-29
909,Recurso,3AQP,370.92,371.8,371.8,371.36,370.92,375.32,386.76,388.52,388.08,392.92,400.84,279.4,413.6,420.64,417.12,573.76,681.56,513.48,359.48,398.64,421.08,421.08,381.04,371.36,2024-09-30
1203,Recurso,3AQP,360.36,342.76,342.76,328.68,330.44,337.04,342.76,323.4,329.56,344.52,355.96,367.4,377.52,339.68,286.0,340.12,355.96,364.76,337.48,315.48,335.72,338.8,337.04,335.28,2024-10-01
1499,Recurso,3AQP,330.0,314.16,295.68,260.48,308.0,344.08,309.32,332.64,325.6,331.76,345.4,358.6,329.12,331.32,344.52,310.2,337.48,323.4,326.92,322.96,315.92,322.52,335.72,498.96,2024-10-02
1789,Recurso,3AQP,502.48,313.72,313.72,764.72,533.72,590.04,379.72,505.56,399.96,410.52,412.28,417.12,376.2,381.48,352.44,394.24,341.88,355.96,343.64,342.76,335.28,336.6,336.16,336.16,2024-10-03
2084,Recurso,3AQP,335.72,322.96,318.12,322.08,327.8,328.24,326.48,309.32,310.64,312.4,315.48,315.48,335.28,344.96,376.64,381.48,379.72,376.64,363.44,342.76,350.24,362.12,361.24,356.4,2024-10-04
2377,Recurso,3AQP,309.32,294.36,296.12,297.44,359.92,396.0,292.16,336.6,296.56,324.72,325.6,327.36,329.12,328.68,329.56,334.4,334.4,333.52,337.92,337.48,343.2,318.56,289.52,293.92,2024-10-05
2665,Recurso,3AQP,299.64,307.12,314.16,312.84,300.08,293.04,432.96,483.56,442.2,355.96,333.52,326.48,319.44,274.56,351.12,350.24,349.36,348.04,311.96,318.56,307.12,307.12,308.88,309.32,2024-10-06
2956,Recurso,3AQP,308.0,302.28,288.2,278.52,272.8,261.36,299.64,312.84,273.24,310.2,327.8,337.48,321.64,309.32,331.76,276.76,305.36,317.24,339.24,351.12,203.72,302.28,264.44,286.0,2024-10-07
3247,Recurso,3AQP,290.84,275.0,262.24,190.08,301.84,314.16,264.88,267.08,253.88,61.16,305.36,348.48,312.4,350.68,791.12,517.0,,,432.96,619.96,657.36,675.84,601.48,452.76,2024-10-08
3538,Recurso,3AQP,456.28,458.92,452.76,366.08,368.72,418.44,439.56,383.68,396.0,415.8,347.6,,157.08,470.36,470.8,383.68,481.8,538.56,656.04,531.96,532.84,434.28,419.76,393.36,2024-10-09
3838,Recurso,3AQP,383.24,358.6,343.64,347.6,432.96,443.08,315.04,340.12,407.0,431.2,360.36,341.0,382.8,352.44,,0.44,681.12,645.48,537.24,482.24,467.72,442.2,440.44,434.28,2024-10-10
4138,Recurso,3AQP,391.16,375.76,385.88,390.28,391.16,418.0,419.76,91.96,315.04,428.56,428.56,427.68,425.92,434.28,351.56,422.84,391.16,349.36,347.16,350.24,352.44,353.32,354.64,354.2,2024-10-11
4434,Recurso,3AQP,109.12,365.2,363.44,362.56,361.68,361.24,360.8,359.48,351.12,346.72,354.2,335.72,377.52,392.48,403.92,398.64,366.08,345.84,341.0,341.44,343.2,341.88,340.56,337.92,2024-10-12
4727,Recurso,3AQP,336.16,328.24,319.44,317.24,315.48,330.44,333.08,308.0,311.52,240.68,343.64,337.48,340.56,349.8,348.92,345.84,322.96,327.8,327.36,327.8,334.84,333.96,322.96,317.24,2024-10-13
5022,Recurso,3AQP,322.08,324.72,323.4,306.68,302.28,311.52,310.2,311.96,263.12,374.88,289.08,299.64,308.44,320.76,321.2,321.64,329.56,336.6,335.28,333.96,333.96,340.12,335.28,334.4,2024-10-14
5321,Recurso,3AQP,334.4,333.96,333.08,314.16,295.68,327.36,372.68,426.8,423.72,421.52,346.72,374.44,388.96,322.52,315.04,316.8,324.28,324.28,323.84,377.52,328.68,262.24,293.48,301.84,2024-10-15
5614,Recurso,3AQP,309.32,309.32,309.32,308.0,308.44,320.32,382.8,294.8,333.08,306.68,321.2,350.24,352.88,317.68,319.88,320.76,321.64,322.96,325.16,252.12,,257.4,58.08,487.96,2024-10-16
5910,Recurso,3AQP,491.48,490.6,493.68,486.64,356.4,377.96,165.88,408.76,333.96,425.04,414.48,353.32,362.56,371.8,346.72,340.56,312.4,328.68,315.92,295.24,318.12,337.04,322.52,319.0,2024-10-17
6203,Recurso,3AQP,319.44,316.8,289.08,300.52,253.0,293.04,288.2,269.28,282.04,245.96,320.76,296.56,320.32,223.08,300.96,337.48,366.08,337.48,267.08,331.32,280.28,308.44,275.88,271.92,2024-10-18
6502,Recurso,3AQP,256.08,35.2,281.16,300.08,299.64,282.48,3.52,778.8,884.4,885.72,726.0,484.88,504.68,520.96,594.88,498.96,465.08,446.16,437.36,380.6,400.84,417.56,356.84,386.32,2024-10-19
6801,Recurso,3AQP,392.04,340.12,331.76,325.6,344.08,320.32,337.92,337.04,326.92,332.2,344.08,357.28,358.16,357.28,336.6,347.16,337.92,242.88,348.04,356.4,334.84,311.52,308.88,297.0,2024-10-20
7099,Recurso,3AQP,317.68,296.56,283.8,282.04,308.44,289.08,280.72,276.32,300.96,309.76,333.96,311.08,405.24,326.48,388.08,408.76,369.6,307.12,356.84,307.56,297.88,342.76,300.08,313.28,2024-10-21
7393,Recurso,3AQP,295.68,306.68,321.2,217.8,177.76,698.28,615.12,492.8,523.16,477.84,400.84,376.2,516.56,366.08,425.48,457.6,480.92,696.52,753.72,632.28,560.56,516.12,493.68,448.8,2024-10-22
7693,Recurso,3AQP,417.12,421.96,439.56,378.84,393.36,413.6,316.8,405.68,387.64,269.28,371.8,406.56,421.96,421.52,316.8,232.76,747.56,448.36,282.48,740.52,744.92,604.56,628.76,625.68,2024-10-23
7989,Recurso,3AQP,515.24,478.28,477.4,477.84,486.2,548.24,506.44,461.12,472.12,493.68,496.76,496.76,462.88,452.32,452.76,219.12,315.48,390.28,463.32,557.92,450.12,415.8,431.64,420.64,2024-10-24
8282,Recurso,3AQP,418.88,367.4,384.12,383.24,384.56,392.04,359.92,370.04,232.76,303.6,406.12,409.64,411.4,356.84,361.68,259.6,339.68,392.04,403.04,404.8,343.64,389.84,371.36,359.04,2024-10-25
8585,Recurso,3AQP,359.92,359.92,359.92,359.48,360.36,378.84,329.56,371.36,324.28,366.96,351.56,396.44,414.92,407.44,359.04,370.48,374.88,349.8,352.0,351.12,350.24,349.8,334.4,314.6,2024-10-26
49,Recurso,3AQP,601.48,568.04,564.96,567.6,558.8,545.6,561.44,572.88,587.84,596.64,605.44,623.92,600.16,588.28,553.96,546.04,549.56,590.48,589.16,587.84,587.4,583.0,560.56,334.84,2024-08-28
328,Recurso,3AQP,187.0,19.36,,,,,,,,39.16,578.6,634.48,651.2,668.36,748.0,696.08,714.56,725.56,727.76,722.92,642.4,641.96,643.72,645.04,2024-08-29
602,Recurso,3AQP,644.6,645.48,645.92,645.04,645.04,647.68,671.44,679.36,680.68,680.68,681.12,550.44,242.44,300.96,2.2,,,671.44,580.36,584.76,572.88,567.16,578.6,554.4,2024-08-30
881,Recurso,3AQP,556.16,556.6,557.48,556.6,556.6,566.72,550.88,539.0,542.08,355.08,26.4,23.32,43.12,,453.2,465.08,449.24,434.28,437.36,439.56,434.72,323.84,481.36,436.04,2024-08-31
1162,Recurso,3AQP,433.4,434.72,435.16,435.6,435.6,443.08,468.16,473.0,482.68,457.16,440.0,452.32,446.6,445.72,436.04,416.24,406.56,399.52,403.92,423.28,423.72,422.84,421.96,421.08,2024-09-01
1439,Recurso,3AQP,413.16,415.36,427.68,429.0,427.68,428.12,415.36,274.12,146.52,421.52,399.08,371.8,67.76,462.88,493.24,453.2,431.2,422.4,423.28,440.0,444.84,448.36,449.24,449.24,2024-09-02
1722,Recurso,3AQP,450.12,451.44,453.64,461.12,461.12,485.32,500.72,453.64,494.56,487.08,353.32,502.48,505.12,519.2,450.56,531.96,476.52,456.72,484.44,477.84,462.88,502.48,478.72,480.92,2024-09-03
1998,Recurso,3AQP,479.6,475.2,459.8,451.0,454.96,462.88,476.96,481.36,469.92,485.32,499.84,508.2,504.68,452.76,455.84,465.52,470.36,470.36,477.4,476.08,458.04,421.52,455.4,467.72,2024-09-04
2277,Recurso,3AQP,474.76,481.36,459.36,449.24,427.68,659.12,720.72,565.84,536.36,519.64,490.6,520.96,492.8,476.08,487.52,469.92,480.04,468.16,462.88,451.44,469.92,469.92,455.84,456.28,2024-09-05
2554,Recurso,3AQP,456.28,456.72,456.28,455.84,455.84,457.16,469.92,430.76,463.76,486.2,484.44,479.6,433.84,435.6,431.2,416.24,421.96,423.72,406.56,445.72,419.32,433.4,435.16,434.72,2024-09-06
2829,Recurso,3AQP,433.84,421.96,398.64,408.32,408.32,415.8,403.92,423.72,423.28,441.76,462.44,466.4,488.4,496.32,446.16,459.8,444.84,439.56,423.28,453.64,418.0,447.92,429.88,431.2,2024-09-07
3107,Recurso,3AQP,432.52,444.4,438.68,414.48,425.92,435.16,432.08,426.36,419.76,425.48,449.68,468.16,446.16,445.72,446.6,445.28,440.0,423.28,414.48,407.44,429.88,418.0,419.32,389.84,2024-09-08
3386,Recurso,3AQP,437.36,440.0,416.24,411.84,412.28,412.28,411.4,411.4,412.72,337.92,428.56,427.68,438.24,440.44,208.56,113.52,474.32,442.2,403.04,408.32,409.64,411.4,418.0,417.56,2024-09-09
3667,Recurso,3AQP,415.36,407.44,399.52,401.72,405.68,376.64,397.32,394.68,408.76,420.64,422.84,422.4,430.76,438.24,378.84,309.32,425.04,423.72,434.28,437.36,410.52,393.8,404.36,414.48,2024-09-10
3948,Recurso,3AQP,418.44,398.2,371.8,384.56,381.92,376.2,400.4,403.92,275.0,,,,53.24,438.24,448.8,394.24,343.64,388.52,352.0,334.84,357.28,377.08,396.88,396.44,2024-09-11
4228,Recurso,3AQP,395.12,393.8,372.68,363.0,368.72,371.8,375.76,382.8,387.2,418.0,421.52,392.48,414.48,391.6,392.92,392.92,393.36,386.76,359.48,365.2,366.08,375.76,376.2,375.76,2024-09-12
4510,Recurso,3AQP,377.08,377.96,377.96,378.4,387.2,416.68,392.04,376.2,385.0,394.24,393.36,363.88,173.8,51.92,322.08,200.64,325.6,219.12,244.2,326.92,319.88,308.44,250.8,275.88,2024-09-13
4793,Recurso,3AQP,289.08,294.8,294.36,307.56,308.44,323.84,381.48,282.48,287.76,344.08,387.2,355.08,381.92,309.76,270.6,350.24,199.32,291.72,344.96,352.0,264.88,304.48,320.76,320.76,2024-09-14
5072,Recurso,3AQP,323.4,322.08,304.92,280.72,263.12,282.48,281.16,288.2,359.48,352.44,354.2,362.12,387.64,327.8,361.24,403.04,358.16,350.24,359.92,366.52,346.72,363.88,367.4,367.84,2024-09-15
5353,Recurso,3AQP,367.84,366.52,359.04,321.2,348.92,379.28,372.68,303.16,355.52,356.84,381.48,410.52,439.56,353.76,377.08,343.64,373.56,339.68,322.52,384.12,381.92,371.8,361.24,363.0,2024-09-16
5641,Recurso,3AQP,381.48,322.52,288.2,387.64,393.8,395.56,316.8,23.32,,,,,,,,,,213.4,297.44,324.72,316.8,290.4,308.44,325.16,2024-09-17
5928,Recurso,3AQP,323.4,320.76,305.8,298.32,296.56,304.48,263.56,93.72,192.28,302.28,123.2,330.0,353.32,326.92,293.04,326.04,320.32,301.4,301.84,303.6,304.92,311.96,322.08,326.48,2024-09-18
6207,Recurso,3AQP,326.92,325.16,322.52,323.4,331.76,368.28,418.44,326.48,333.08,334.4,336.6,345.84,356.4,297.88,237.6,310.64,293.92,253.44,274.56,257.4,270.16,137.72,269.72,290.84,2024-09-19
6483,Recurso,3AQP,,574.2,562.32,398.2,335.72,380.16,402.6,331.76,370.48,275.0,335.72,305.8,332.64,337.92,337.48,335.72,326.92,322.96,323.84,317.68,312.84,315.04,321.2,320.32,2024-09-20
6762,Recurso,3AQP,318.12,301.4,295.24,303.6,297.88,288.2,290.84,297.44,295.24,296.56,297.44,301.4,311.52,316.8,390.72,343.2,280.28,323.84,330.88,290.4,311.52,314.6,300.08,293.48,2024-09-21
7041,Recurso,3AQP,275.44,283.36,283.36,284.24,288.2,330.44,329.12,315.04,284.68,301.4,330.0,480.92,426.36,412.72,369.6,291.72,303.16,330.0,341.88,272.8,276.76,287.76,337.92,337.48,2024-09-22
7319,Recurso,3AQP,336.6,335.72,319.0,245.96,251.24,273.24,315.04,318.12,324.28,337.04,360.8,385.44,375.76,320.32,328.68,305.8,326.92,292.16,290.84,252.12,303.6,263.56,272.36,266.2,2024-09-23
7601,Recurso,3AQP,267.96,267.52,287.32,278.96,252.56,228.8,304.48,258.28,274.56,309.32,310.64,310.64,269.28,324.72,274.56,289.52,270.6,295.24,290.4,253.44,303.6,295.24,277.2,278.08,2024-09-24
7878,Recurso,3AQP,278.52,278.96,278.96,278.52,282.04,288.2,259.6,267.08,277.64,285.56,269.72,277.64,277.64,289.08,319.44,317.68,314.16,311.08,314.16,320.76,325.6,327.36,338.36,360.36,2024-09-25
8158,Recurso,3AQP,358.16,358.6,356.84,336.6,327.36,302.72,262.68,344.08,342.32,364.76,394.68,399.08,250.8,,,19.36,487.08,426.8,383.24,359.92,357.72,337.48,336.6,338.8,2024-09-26
51,Recurso,3AQP,561.0,560.12,571.12,585.64,585.64,610.28,643.28,597.08,615.56,617.32,623.04,624.36,623.04,625.68,619.96,573.32,583.88,599.28,606.76,610.72,576.4,577.28,592.24,583.88,2024-07-29
321,Recurso,3AQP,561.88,589.16,588.28,587.84,586.96,582.56,573.32,577.72,581.24,583.44,586.08,621.72,638.88,574.2,590.48,548.68,554.84,554.84,571.56,561.44,570.68,577.28,561.88,524.92,2024-07-30
596,Recurso,3AQP,540.32,542.96,542.96,542.52,542.52,549.12,597.52,543.4,586.52,620.4,579.04,590.48,540.76,569.8,548.24,556.16,555.72,561.44,565.4,562.76,561.88,563.2,561.0,560.12,2024-07-31
867,Recurso,3AQP,550.44,542.08,531.08,524.48,524.48,517.88,508.64,513.04,546.48,579.04,579.92,579.04,578.16,580.8,551.76,459.8,562.76,566.72,564.52,563.2,554.4,547.36,550.0,551.32,2024-08-01
1136,Recurso,3AQP,550.44,548.68,534.16,517.88,515.68,516.12,529.76,531.96,328.24,521.84,522.28,520.96,520.52,543.84,557.04,554.4,553.52,553.96,549.12,508.2,522.72,532.84,540.32,540.76,2024-08-02
1404,Recurso,3AQP,538.56,550.88,557.48,556.6,557.04,563.2,581.24,586.08,591.8,601.04,605.88,603.24,597.96,596.2,549.56,512.16,560.56,557.48,513.92,541.64,455.84,587.4,465.08,531.08,2024-08-03
1677,Recurso,3AQP,531.08,531.08,531.52,529.76,529.32,539.88,545.6,625.24,589.6,578.16,593.56,538.12,557.48,574.2,505.56,542.52,534.16,489.28,514.36,499.84,513.04,515.24,518.32,519.2,2024-08-04
1943,Recurso,3AQP,518.76,518.32,517.88,517.0,518.76,531.08,146.52,,630.96,828.96,857.12,912.12,919.6,924.88,893.2,874.72,866.8,828.96,846.12,844.36,736.56,720.72,754.16,754.16,2024-08-05
2222,Recurso,3AQP,755.04,754.16,753.72,752.84,753.28,765.16,655.16,725.56,737.88,747.12,727.32,659.12,710.6,659.56,638.88,650.76,608.52,630.52,626.56,590.04,589.16,612.92,542.08,633.16,2024-08-06
2494,Recurso,3AQP,617.76,619.52,314.6,557.48,876.92,880.44,770.44,786.28,718.52,715.0,697.4,714.56,687.28,674.96,629.2,660.0,664.84,621.28,617.76,626.56,614.68,598.4,613.8,614.24,2024-08-07
2766,Recurso,3AQP,613.8,613.8,612.92,612.48,607.2,548.68,524.04,564.52,618.64,618.64,619.52,617.32,616.88,615.12,614.24,613.36,604.12,494.12,525.8,617.32,569.8,555.72,571.12,572.88,2024-08-08
3039,Recurso,3AQP,572.0,569.8,551.76,546.04,553.08,555.28,549.12,552.64,556.16,564.52,566.72,568.48,567.16,567.16,568.04,568.04,567.6,572.88,603.24,603.68,472.56,541.2,582.12,597.52,2024-08-09
3308,Recurso,3AQP,539.0,544.28,545.16,546.92,507.76,533.72,537.68,539.88,542.52,545.16,546.92,547.36,566.72,573.32,570.24,304.48,193.6,87.12,733.04,468.16,629.64,782.76,728.64,780.12,2024-08-10
3580,Recurso,3AQP,794.2,727.76,758.12,764.28,773.96,783.2,721.16,708.4,799.92,791.56,746.24,739.2,733.04,649.0,687.72,687.28,685.96,685.96,633.16,634.04,638.0,650.32,656.92,651.2,2024-08-11
3853,Recurso,3AQP,645.48,586.08,612.04,623.48,612.92,597.96,605.88,607.64,614.24,619.52,632.28,639.76,611.6,590.48,593.12,558.36,456.28,415.36,541.2,608.08,30.36,500.72,504.24,555.28,2024-08-12
4127,Recurso,3AQP,585.64,588.28,587.4,587.4,587.4,623.48,578.16,743.6,696.52,784.52,808.72,812.24,834.24,880.0,707.96,695.2,768.24,816.64,816.64,822.8,748.44,791.56,791.12,790.68,2024-08-13
4395,Recurso,3AQP,787.6,728.64,713.68,715.44,715.88,740.96,737.44,706.2,721.6,730.4,732.6,731.28,703.56,676.72,281.6,458.04,609.4,671.44,620.84,643.28,669.68,693.44,692.56,639.32,2024-08-14
4669,Recurso,3AQP,619.08,660.0,658.68,652.52,612.48,596.2,634.04,638.0,635.8,464.64,600.6,635.36,608.08,597.52,596.2,513.92,542.08,565.84,610.28,625.24,606.32,545.6,619.96,539.0,2024-08-15
4939,Recurso,3AQP,544.72,564.52,566.72,567.6,568.04,639.76,530.2,534.6,542.96,555.72,568.92,575.52,581.68,588.28,399.08,529.76,553.96,527.12,510.84,512.16,511.72,512.6,516.56,519.64,2024-08-16
5217,Recurso,3AQP,532.84,524.04,504.24,513.92,514.8,514.8,515.68,517.0,518.32,520.96,522.28,522.72,523.6,524.48,546.92,485.76,553.52,551.76,544.72,516.12,518.32,523.16,529.76,533.72,2024-08-17
5490,Recurso,3AQP,509.52,506.0,511.72,499.4,495.0,485.32,522.72,520.96,525.36,527.56,560.56,563.2,562.76,563.2,562.32,562.32,560.56,558.36,504.68,513.04,518.76,520.52,532.84,532.4,2024-08-18
5764,Recurso,3AQP,531.08,530.2,529.32,528.88,527.12,524.48,513.48,515.24,516.56,519.2,527.56,528.88,530.2,530.64,530.64,531.52,531.08,530.64,530.64,529.76,529.32,510.84,504.68,509.52,2024-08-19
6044,Recurso,3AQP,505.12,495.44,488.84,489.28,493.68,493.68,500.72,502.04,505.56,508.64,509.08,540.76,554.4,501.6,516.56,517.0,541.64,480.48,527.56,407.44,572.88,495.0,522.72,502.48,2024-08-20
6328,Recurso,3AQP,495.88,505.12,506.0,487.52,476.96,488.84,510.4,501.16,505.56,515.24,520.52,550.44,512.16,473.88,519.2,519.64,519.2,466.4,381.92,460.68,484.44,493.68,512.16,510.84,2024-08-21
6613,Recurso,3AQP,507.76,471.24,474.32,474.76,473.88,13.2,,445.28,689.04,690.8,687.28,605.44,605.0,630.08,633.6,631.84,585.64,575.08,588.72,558.36,561.0,573.76,574.64,573.32,2024-08-22
6895,Recurso,3AQP,572.0,562.32,528.44,558.8,576.84,594.88,612.04,602.8,638.0,506.88,567.6,571.12,517.88,503.8,515.24,518.32,505.56,503.36,493.24,497.64,508.2,496.76,502.92,509.96,2024-08-23
7175,Recurso,3AQP,664.4,799.92,682.0,401.28,821.48,725.12,821.48,522.28,374.88,720.28,836.0,774.84,757.24,781.0,695.2,683.32,614.24,622.16,654.72,650.32,594.0,606.32,607.64,577.28,2024-08-24
7456,Recurso,3AQP,548.24,581.24,557.04,592.24,694.32,367.4,253.88,699.16,717.64,819.28,840.84,624.8,455.4,745.36,859.76,878.24,885.28,877.36,846.12,809.6,781.44,779.68,771.76,774.84,2024-08-25
7739,Recurso,3AQP,774.4,768.24,689.04,714.12,712.36,718.08,726.0,734.8,715.0,709.72,734.36,718.08,645.04,696.52,712.36,707.96,617.76,639.32,648.12,653.4,652.08,657.36,660.88,644.6,2024-08-26
8025,Recurso,3AQP,605.0,605.0,612.92,613.8,617.76,619.52,630.52,608.08,617.76,634.92,636.68,610.28,612.92,599.28,607.2,594.44,573.32,591.36,592.68,592.24,595.32,599.28,605.0,605.44,2024-08-27
51,Recurso,3AQP,894.08,892.32,892.32,890.56,599.72,165.44,883.52,895.4,894.96,894.08,894.08,896.28,893.2,893.2,894.96,891.0,887.92,891.44,892.76,891.88,890.12,891.44,890.12,888.8,2024-06-29
322,Recurso,3AQP,886.6,888.8,880.44,882.2,888.36,888.8,888.8,887.92,873.4,892.32,855.36,861.96,874.72,883.52,890.56,889.68,881.32,875.16,793.76,851.84,892.32,893.2,824.56,755.48,2024-06-30
590,Recurso,3AQP,768.68,872.96,844.36,855.8,854.92,854.92,857.12,858.0,855.36,858.88,860.2,859.32,859.76,859.76,861.96,869.0,871.64,872.52,868.56,859.32,862.84,861.96,844.36,850.52,2024-07-01
859,Recurso,3AQP,850.52,843.04,840.4,404.8,,434.28,863.28,768.68,827.64,827.64,830.28,849.2,870.76,888.36,858.88,879.12,877.8,869.44,872.52,884.4,888.36,887.48,873.84,865.48,2024-07-02
1132,Recurso,3AQP,865.92,864.6,861.08,545.6,777.92,847.88,836.44,522.72,873.4,883.08,894.08,894.08,897.6,893.64,876.48,861.96,860.64,861.96,852.72,762.08,906.84,889.68,892.32,888.36,2024-07-03
1407,Recurso,3AQP,887.48,886.6,887.04,883.08,882.64,34.32,,180.84,304.92,877.8,891.88,893.2,577.72,725.56,895.4,898.04,900.24,897.16,866.8,816.64,874.72,896.72,897.16,893.2,2024-07-04
1684,Recurso,3AQP,891.0,890.56,891.88,891.88,839.08,699.16,437.36,689.92,758.56,706.64,420.2,834.68,859.32,875.16,884.84,884.4,534.16,868.12,898.92,897.16,896.28,891.0,883.52,886.6,2024-07-05
1961,Recurso,3AQP,880.44,872.08,857.12,847.88,833.36,858.88,898.48,895.4,887.92,889.68,884.4,889.24,883.08,890.56,892.32,890.56,879.56,876.04,877.36,854.92,898.04,891.0,881.76,880.44,2024-07-06
2234,Recurso,3AQP,879.12,880.88,876.04,878.24,879.56,879.12,884.4,891.88,891.0,890.56,894.96,897.16,900.24,902.44,917.4,661.32,50.6,26.84,,180.84,581.24,797.28,812.24,834.68,2024-07-07
2510,Recurso,3AQP,853.6,853.6,863.28,860.64,868.12,874.28,876.04,872.96,237.16,51.04,837.76,888.36,895.84,893.2,896.72,898.04,895.4,895.4,893.2,895.4,894.96,897.6,896.28,898.48,2024-07-08
2783,Recurso,3AQP,898.92,898.04,895.84,889.68,880.0,882.2,885.72,884.84,876.48,881.76,884.4,877.8,869.44,861.08,864.16,863.72,858.44,854.04,869.88,878.68,881.76,873.84,862.4,865.04,2024-07-09
3058,Recurso,3AQP,862.84,860.64,857.56,854.92,855.36,859.32,848.32,848.32,849.64,852.72,856.68,859.32,858.88,852.72,813.56,830.72,831.16,832.48,843.48,847.88,850.08,850.52,853.6,856.24,2024-07-10
3330,Recurso,3AQP,857.12,857.56,856.24,854.92,856.24,861.52,871.64,873.4,859.76,843.04,842.16,865.92,869.0,861.52,859.32,861.08,861.96,863.72,865.92,861.08,861.52,860.2,857.56,858.0,2024-07-11
3607,Recurso,3AQP,856.68,856.24,856.68,857.12,860.64,860.64,863.28,855.36,844.36,844.36,865.92,857.56,864.16,861.52,862.4,801.68,804.32,871.64,864.6,854.48,847.44,799.92,843.48,848.32,2024-07-12
3888,Recurso,3AQP,845.68,842.16,843.04,842.16,842.16,844.36,860.64,855.8,846.12,851.4,857.56,830.72,825.44,806.52,787.16,806.08,819.28,792.44,818.84,842.16,837.32,819.72,824.12,823.68,2024-07-13
4169,Recurso,3AQP,824.12,825.0,823.24,822.36,822.36,821.92,821.04,828.96,827.2,823.68,838.2,839.96,839.96,841.28,849.2,815.32,801.68,813.56,830.28,830.28,817.08,800.36,817.52,815.76,2024-07-14
4446,Recurso,3AQP,811.36,797.28,797.28,789.8,780.56,737.44,829.84,771.32,794.2,819.28,822.36,820.6,810.04,818.84,803.44,789.36,767.8,773.96,775.72,792.0,791.56,789.36,789.8,791.12,2024-07-15
4725,Recurso,3AQP,775.72,761.64,758.12,746.68,760.32,786.72,794.2,768.24,764.28,774.4,775.28,780.56,783.64,792.0,700.48,442.2,809.6,873.4,644.16,801.68,804.76,822.8,754.6,796.4,2024-07-16
5002,Recurso,3AQP,795.96,805.64,739.64,765.6,770.44,714.12,790.24,750.2,687.72,807.84,747.56,795.52,762.96,760.32,722.48,773.96,705.76,743.16,760.32,765.16,719.4,728.64,736.12,736.56,2024-07-17
5278,Recurso,3AQP,735.68,735.68,734.8,734.36,733.92,746.24,711.48,718.96,752.4,759.0,759.88,723.36,740.96,722.92,720.72,734.8,733.04,704.44,714.56,720.72,722.48,736.56,767.36,757.68,2024-07-18
5557,Recurso,3AQP,679.8,722.92,719.84,680.24,715.44,685.96,704.0,721.16,703.56,708.4,708.84,721.16,721.6,751.96,649.0,722.92,722.04,697.84,673.64,694.32,615.12,616.44,680.24,681.56,2024-07-19
5838,Recurso,3AQP,687.28,686.4,685.96,684.2,684.2,704.88,666.16,692.56,670.56,715.44,700.92,705.76,694.32,678.04,667.48,668.8,689.04,698.72,696.96,695.2,693.44,686.4,686.84,683.32,2024-07-20
6120,Recurso,3AQP,673.2,665.28,671.44,674.08,680.68,676.28,663.52,664.4,666.6,673.64,682.0,695.2,691.68,683.32,656.92,658.68,672.32,649.44,647.68,652.08,653.4,658.68,634.92,643.28,2024-07-21
6396,Recurso,3AQP,661.32,661.32,660.88,661.32,660.44,671.88,686.84,649.88,664.84,672.76,675.84,679.36,665.72,642.4,638.88,642.4,655.6,655.6,660.44,631.4,649.88,634.04,625.68,623.04,2024-07-22
6675,Recurso,3AQP,619.08,608.08,582.12,589.6,627.0,643.72,661.76,625.24,633.6,641.52,645.92,648.56,648.12,648.56,648.12,647.24,647.68,625.68,590.04,632.72,636.24,634.04,631.4,627.44,2024-07-23
6952,Recurso,3AQP,619.52,604.12,597.08,603.24,625.68,629.64,598.84,622.16,629.2,634.04,635.8,636.24,635.36,640.2,640.64,640.2,625.68,581.24,607.2,597.52,604.56,606.76,614.68,620.4,2024-07-24
7234,Recurso,3AQP,620.4,589.16,78.32,727.32,731.72,649.88,674.52,634.92,553.52,555.72,613.8,636.24,636.24,636.68,635.8,635.8,636.24,641.52,649.0,647.24,627.44,589.6,620.4,624.8,2024-07-25
7515,Recurso,3AQP,624.36,625.24,630.96,630.08,627.44,610.72,586.96,632.72,632.72,633.6,635.36,635.8,635.8,635.36,634.92,634.04,633.16,602.36,594.44,609.84,619.52,619.08,619.08,618.64,2024-07-26
7795,Recurso,3AQP,618.64,618.64,616.44,611.6,547.8,371.8,337.48,853.16,840.84,837.32,828.96,748.0,781.0,792.88,632.72,601.04,707.08,720.72,735.68,663.08,700.04,707.08,713.24,673.64,2024-07-27
8074,Recurso,3AQP,672.32,674.08,674.52,674.96,673.64,611.6,502.04,609.4,695.64,657.8,661.76,616.44,662.2,677.16,579.48,612.48,633.16,671.88,566.72,590.04,653.4,652.08,523.6,561.0,2024-07-28
44,Recurso,3AQP,784.52,806.52,827.64,684.2,768.24,708.4,706.64,705.76,709.72,707.96,709.28,695.2,624.36,656.48,600.16,600.6,617.32,623.92,629.64,632.28,635.36,645.48,641.96,590.48,2024-05-30
322,Recurso,3AQP,601.92,581.68,584.32,571.56,558.8,554.84,569.36,570.68,508.2,473.88,384.12,444.4,524.48,535.92,537.68,534.16,537.68,536.36,529.32,528.44,526.68,494.56,446.6,454.96,2024-05-31
598,Recurso,3AQP,454.08,458.48,469.04,468.6,472.12,490.6,523.6,473.44,513.04,524.92,532.4,539.88,507.32,481.8,451.0,350.68,521.84,407.88,438.68,437.8,446.6,462.88,438.68,388.08,2024-06-01
873,Recurso,3AQP,401.28,409.64,416.68,421.08,421.52,444.4,455.84,450.56,377.08,469.92,489.72,436.48,470.8,430.32,439.12,414.04,407.44,410.96,415.8,439.12,362.12,397.32,397.76,396.0,2024-06-02
1149,Recurso,3AQP,396.88,396.44,396.44,395.12,395.12,400.4,404.8,409.64,389.84,396.44,402.6,409.2,398.2,380.16,385.44,430.32,398.64,390.28,403.48,427.68,439.12,456.28,455.84,455.84,2024-06-03
1429,Recurso,3AQP,454.96,454.96,454.08,445.28,401.72,450.12,502.04,538.12,538.56,547.36,562.32,572.88,493.68,493.24,431.64,476.08,484.0,505.56,520.52,518.76,517.0,443.52,473.0,475.2,2024-06-04
1712,Recurso,3AQP,478.72,478.72,478.28,476.08,483.56,437.8,429.88,397.76,386.32,405.24,406.56,407.88,417.56,374.0,349.36,400.4,420.64,434.28,426.8,401.28,413.6,406.12,381.48,443.52,2024-06-05
1992,Recurso,3AQP,444.84,429.44,370.92,408.76,439.12,448.8,448.36,447.92,443.96,442.64,443.52,441.32,430.32,442.64,441.32,436.04,417.12,406.12,405.24,418.0,433.4,431.2,418.88,408.32,2024-06-06
2262,Recurso,3AQP,399.52,368.28,399.08,402.16,408.32,381.92,363.88,370.92,392.92,393.36,396.0,424.16,433.4,435.6,440.88,447.04,384.12,361.68,381.48,399.96,409.2,423.28,428.12,396.88,2024-06-07
2539,Recurso,3AQP,391.16,396.44,385.88,371.36,369.16,367.4,372.24,378.84,379.72,383.24,385.44,386.76,391.16,406.56,406.56,403.48,403.48,410.52,410.08,407.0,381.92,339.68,389.4,396.44,2024-06-08
2821,Recurso,3AQP,393.8,363.44,332.64,360.8,367.84,349.8,356.4,347.6,366.96,369.6,381.92,366.08,386.32,423.72,333.96,261.36,450.56,433.84,364.32,393.36,320.76,323.84,339.24,340.56,2024-06-09
3103,Recurso,3AQP,341.88,337.92,337.92,336.16,335.28,344.08,430.76,448.36,340.12,430.32,485.32,555.28,451.44,505.56,514.8,417.12,337.04,451.88,394.24,304.92,468.16,241.12,212.96,280.28,2024-06-10
3378,Recurso,3AQP,324.28,373.56,375.76,376.64,377.08,397.32,293.48,416.68,431.64,437.8,420.64,375.32,392.48,420.64,429.88,312.84,123.64,343.2,275.0,247.28,283.8,266.64,230.56,286.44,2024-06-11
3656,Recurso,3AQP,381.92,379.28,322.08,322.52,322.52,336.16,348.48,296.12,363.0,375.32,395.12,395.56,280.28,340.12,394.68,402.6,313.28,293.04,369.6,381.92,341.88,320.76,341.44,341.44,2024-06-12
3933,Recurso,3AQP,342.32,339.24,321.2,310.2,297.88,333.08,320.76,318.56,319.88,321.2,322.52,325.16,331.32,390.28,518.76,472.56,478.28,371.36,360.8,349.8,325.16,308.0,322.96,317.24,2024-06-13
4211,Recurso,3AQP,294.36,310.2,322.52,332.64,319.44,330.44,341.0,334.84,346.28,346.28,347.6,347.16,357.28,368.72,344.08,250.8,279.84,801.24,837.76,848.76,854.92,812.24,764.72,788.04,2024-06-14
4491,Recurso,3AQP,623.92,183.92,685.08,704.0,809.16,850.96,851.4,848.76,849.2,851.84,860.64,869.0,868.56,867.24,865.92,863.72,856.24,858.0,843.92,866.8,865.48,859.76,804.32,784.08,2024-06-15
4768,Recurso,3AQP,769.12,789.8,792.44,808.72,852.28,869.88,869.88,871.2,871.2,876.48,865.04,812.24,791.12,785.84,791.56,740.96,758.12,713.24,716.32,728.2,716.32,689.48,691.24,658.68,2024-06-16
5047,Recurso,3AQP,659.56,640.2,628.76,633.6,623.48,623.04,625.68,616.88,645.92,661.32,661.32,660.44,644.16,622.16,621.72,539.0,540.32,541.2,540.76,633.6,498.08,529.32,579.48,578.6,2024-06-17
5324,Recurso,3AQP,578.16,574.64,517.44,519.64,525.8,527.12,636.68,707.96,851.4,839.96,801.68,766.48,710.16,691.68,680.68,659.56,637.56,616.0,618.2,619.96,621.72,622.16,621.72,621.28,2024-06-18
5601,Recurso,3AQP,622.16,625.68,576.4,563.64,567.6,574.2,543.4,564.52,481.8,611.6,620.84,607.64,614.68,586.08,612.92,648.12,737.44,844.36,834.68,852.28,854.04,841.28,824.56,808.28,2024-06-19
5869,Recurso,3AQP,673.64,658.24,657.8,657.8,659.12,704.88,757.68,734.36,734.36,728.64,717.2,701.36,704.44,677.6,672.32,680.24,689.92,665.28,648.12,665.28,649.0,665.28,595.32,604.56,2024-06-20
6141,Recurso,3AQP,604.12,604.12,604.12,604.56,604.12,634.48,640.2,587.84,608.52,618.64,621.28,624.8,630.52,634.92,649.88,579.92,603.24,564.08,570.68,578.16,576.84,578.6,600.6,638.0,2024-06-21
6412,Recurso,3AQP,649.88,667.48,575.96,343.64,477.84,718.96,740.96,721.16,684.2,681.56,660.88,677.16,686.4,674.96,655.16,655.16,624.36,616.88,626.12,624.8,616.88,622.16,337.04,355.08,2024-06-22
6678,Recurso,3AQP,,568.48,781.88,657.8,775.28,793.76,706.64,489.28,773.52,823.24,823.68,822.8,825.44,837.76,841.28,846.12,847.0,678.92,146.52,278.08,698.28,829.4,860.64,869.88,2024-06-23
6954,Recurso,3AQP,875.6,874.28,870.32,818.84,815.76,843.04,827.64,811.8,811.8,813.12,820.16,104.72,,,179.08,754.6,772.64,785.84,787.6,793.76,797.72,818.4,836.0,834.24,2024-06-24
7224,Recurso,3AQP,837.76,837.76,837.32,837.76,839.96,852.28,870.76,869.88,869.0,868.12,868.56,868.12,868.56,867.24,868.12,869.88,869.88,869.0,876.48,854.04,792.44,804.32,798.16,806.08,2024-06-25
7498,Recurso,3AQP,809.16,807.84,807.4,810.04,808.28,833.8,887.04,814.0,795.52,764.28,871.64,876.92,878.68,850.96,857.12,827.64,849.64,798.6,755.04,753.28,753.72,787.16,791.56,794.2,2024-06-26
7773,Recurso,3AQP,792.0,789.36,777.04,791.56,794.2,806.52,637.12,711.92,767.36,776.16,763.4,768.68,785.84,796.4,760.76,727.32,760.76,800.36,780.56,814.88,821.92,821.48,810.04,807.84,2024-06-27
8052,Recurso,3AQP,805.2,438.24,353.76,826.76,681.12,686.4,672.32,550.0,872.08,879.12,883.96,889.68,880.88,883.52,670.56,608.08,882.2,893.64,900.68,898.92,896.28,895.84,895.4,894.96,2024-06-28
53,Recurso,3AQP,227.92,226.6,220.44,205.92,182.6,226.16,192.28,220.0,189.64,223.08,273.68,221.76,226.16,236.72,242.88,71.28,136.84,257.4,187.44,215.16,214.28,46.64,31.24,245.96,2024-04-30
325,Recurso,3AQP,244.64,201.08,197.12,179.52,187.44,190.08,166.76,175.12,196.68,184.8,205.92,201.52,220.0,200.64,207.68,208.12,208.56,208.56,205.92,190.96,149.16,206.36,205.04,195.8,2024-05-01
591,Recurso,3AQP,170.72,144.32,20.24,126.28,,450.56,661.32,674.52,756.8,821.48,833.8,654.28,825.0,829.84,765.6,695.2,707.96,656.04,608.52,598.4,570.68,551.76,530.64,499.4,2024-05-02
851,Recurso,3AQP,500.28,500.72,500.72,500.28,498.52,426.36,474.76,427.68,443.08,444.4,446.6,434.28,417.12,407.88,348.48,288.2,385.0,359.04,326.48,334.84,319.0,318.56,304.92,267.08,2024-05-03
1110,Recurso,3AQP,269.72,271.92,270.6,270.6,289.52,296.56,296.56,298.76,304.48,360.36,363.0,368.28,133.76,714.12,825.0,838.2,749.32,731.72,706.2,729.52,638.44,602.8,584.32,546.92,2024-05-04
1379,Recurso,3AQP,537.68,520.96,501.16,490.6,479.6,472.12,490.16,504.68,517.88,519.2,526.24,531.96,539.44,577.28,492.36,479.16,460.24,454.08,446.16,436.04,414.92,408.32,415.36,418.0,2024-05-05
1637,Recurso,3AQP,408.32,388.52,378.4,388.08,370.92,376.2,356.84,324.72,385.0,384.12,362.12,366.96,379.72,381.48,381.92,381.04,194.92,246.84,444.84,494.12,506.44,314.6,408.32,449.24,2024-05-06
1895,Recurso,3AQP,450.12,447.04,421.96,371.8,390.72,420.64,374.88,405.24,399.96,401.28,402.6,397.32,318.56,403.48,401.72,372.68,343.64,316.8,330.88,304.48,315.92,346.72,601.48,766.48,2024-05-07
2156,Recurso,3AQP,678.04,763.84,693.0,446.16,225.72,78.76,219.12,665.28,829.84,840.84,866.36,820.16,825.88,820.16,842.6,845.68,838.64,792.0,779.68,743.6,743.16,742.72,742.72,752.4,2024-05-08
2415,Recurso,3AQP,751.96,751.52,751.08,712.36,691.24,700.04,570.24,716.32,616.0,639.76,604.56,662.64,692.56,714.12,768.68,770.0,786.72,774.4,681.56,638.88,449.24,561.88,833.8,830.72,2024-05-09
2669,Recurso,3AQP,832.48,833.8,828.52,831.6,832.04,834.24,856.24,869.88,869.88,845.24,861.52,858.44,857.56,856.24,732.6,852.28,805.64,772.64,803.44,775.72,733.04,796.4,812.24,809.16,2024-05-10
2924,Recurso,3AQP,809.16,810.04,815.32,811.8,729.08,765.6,677.16,757.24,616.88,,637.56,674.96,667.48,667.48,703.12,661.32,704.88,699.16,651.2,616.88,628.32,620.4,622.16,622.6,2024-05-11
3181,Recurso,3AQP,625.68,630.08,630.08,653.4,656.92,674.96,687.28,650.32,659.12,667.04,667.48,670.12,650.32,609.4,621.72,579.04,577.72,578.16,562.76,557.04,554.4,551.32,525.8,483.56,2024-05-12
3437,Recurso,3AQP,493.68,530.2,528.0,525.8,582.12,509.96,511.72,528.44,509.52,494.56,538.12,541.64,541.2,541.2,540.32,474.76,506.0,502.04,340.56,477.4,487.08,374.44,487.96,522.28,2024-05-13
3690,Recurso,3AQP,427.68,430.76,423.72,386.32,462.88,416.68,407.88,495.88,322.08,455.4,496.76,493.68,495.88,496.76,496.32,495.88,489.28,446.6,467.28,449.24,445.72,452.32,444.84,426.8,2024-05-14
3944,Recurso,3AQP,436.48,434.72,420.64,400.4,403.48,414.92,428.56,466.84,607.2,282.04,176.44,644.6,637.56,584.32,487.52,494.56,494.56,493.68,494.12,478.72,494.56,500.28,425.04,426.36,2024-05-15
4202,Recurso,3AQP,428.12,428.12,428.56,430.32,435.6,443.08,446.6,360.36,460.24,468.6,471.68,419.32,436.92,472.56,381.04,441.76,472.12,408.32,428.56,438.68,422.84,434.28,458.92,452.76,2024-05-16
4462,Recurso,3AQP,524.48,651.64,683.76,714.56,753.72,822.8,721.16,707.96,736.12,688.6,647.24,664.84,579.04,553.96,567.6,635.36,456.28,539.0,544.72,562.32,483.56,490.16,489.72,488.84,2024-05-17
4728,Recurso,3AQP,487.08,499.4,498.96,499.84,499.84,470.8,427.24,452.32,463.32,465.52,466.84,469.48,478.28,505.56,426.36,458.92,435.6,461.12,384.12,434.72,480.04,437.36,391.6,414.92,2024-05-18
4990,Recurso,3AQP,415.8,416.24,414.92,415.36,445.28,477.4,337.92,370.48,406.12,424.16,417.56,425.48,426.36,413.16,407.44,394.68,399.96,429.0,324.28,411.84,433.4,449.68,449.24,441.76,2024-05-19
5254,Recurso,3AQP,346.72,328.24,329.12,329.56,329.56,422.84,411.84,374.88,386.76,381.04,393.8,395.12,402.16,403.04,350.24,447.04,477.4,480.48,484.44,482.24,419.76,392.48,385.44,379.28,2024-05-20
5523,Recurso,3AQP,380.16,353.32,358.6,337.04,,,352.88,612.48,790.24,792.44,790.68,802.12,821.04,787.6,756.8,682.88,675.84,631.84,619.52,623.04,586.08,578.6,566.28,551.76,2024-05-21
5799,Recurso,3AQP,535.92,538.56,501.16,509.08,502.04,495.88,413.16,512.16,517.44,517.88,516.56,516.56,514.8,514.8,503.8,450.12,494.12,495.0,476.52,431.64,546.92,638.88,656.92,550.88,2024-05-22
6073,Recurso,3AQP,448.36,511.28,524.92,522.72,509.52,460.24,421.08,440.88,511.28,532.4,527.12,458.04,426.36,452.32,414.04,620.4,637.12,510.84,493.68,496.76,489.28,477.4,482.68,468.16,2024-05-23
6348,Recurso,3AQP,469.04,470.8,471.68,474.76,475.64,505.12,528.0,430.32,503.36,462.0,471.68,515.24,332.2,492.8,501.16,426.8,375.76,413.6,429.44,429.44,452.32,451.88,363.0,376.64,2024-05-24
6629,Recurso,3AQP,383.24,382.36,382.8,381.92,387.64,434.28,402.6,440.0,408.76,344.08,470.8,473.88,471.24,446.16,398.64,419.76,415.8,365.2,379.28,401.72,425.04,423.72,422.84,397.32,2024-05-25
6910,Recurso,3AQP,373.12,377.52,378.4,377.96,378.4,391.6,396.88,404.8,410.08,410.96,403.04,402.16,407.44,411.84,382.8,362.56,393.36,377.96,392.48,380.16,372.68,381.92,384.12,372.68,2024-05-26
7182,Recurso,3AQP,362.56,363.0,363.44,363.88,410.52,354.2,370.48,357.72,375.32,389.84,409.2,402.16,387.64,392.48,365.2,403.92,378.84,356.4,361.24,313.72,365.64,406.12,303.6,338.8,2024-05-27
7450,Recurso,3AQP,304.48,388.96,469.92,481.36,481.36,528.0,522.72,573.32,571.12,483.56,433.4,419.76,433.84,402.16,402.6,401.28,384.12,384.56,382.8,365.64,368.72,372.68,373.12,373.12,2024-05-28
7715,Recurso,3AQP,370.92,362.56,363.44,341.88,374.88,208.56,237.6,549.56,698.72,734.8,778.8,789.8,804.76,827.64,843.04,853.6,854.48,835.12,822.36,820.6,829.4,831.16,834.68,771.76,2024-05-29
45,Recurso,3AQP,154.44,161.04,163.24,163.24,162.8,165.44,155.32,84.48,138.16,133.32,128.92,141.24,156.2,170.28,197.56,183.48,187.44,231.44,308.0,264.44,208.56,175.12,179.52,161.48,2024-03-31
308,Recurso,3AQP,154.88,155.32,154.88,154.88,163.24,193.16,135.96,146.52,136.84,148.72,153.56,159.28,161.04,162.36,176.0,176.0,165.0,139.48,146.08,145.2,126.28,145.64,84.48,76.56,2024-04-01
581,Recurso,3AQP,69.08,47.08,443.96,390.28,431.2,530.2,573.32,623.48,567.6,669.24,652.52,539.0,578.16,466.84,528.88,609.84,694.76,760.76,649.44,568.92,534.16,473.0,441.32,368.28,2024-04-02
852,Recurso,3AQP,434.28,469.48,492.8,495.44,540.32,335.28,487.08,517.0,384.56,211.2,,283.8,256.52,304.92,284.24,258.28,559.68,710.16,814.44,812.24,806.52,686.84,703.12,622.6,2024-04-03
1125,Recurso,3AQP,665.28,593.12,523.16,506.44,443.96,445.72,256.08,472.56,362.56,379.28,383.24,388.08,416.24,454.96,421.52,353.32,341.0,343.64,342.76,351.56,344.52,274.12,242.0,260.04,2024-04-04
1389,Recurso,3AQP,234.96,215.16,234.96,221.76,207.68,205.04,166.76,182.16,183.92,185.24,185.24,186.12,191.4,210.76,206.8,250.8,251.24,190.52,215.16,189.2,172.92,192.72,200.2,211.2,2024-04-05
1658,Recurso,3AQP,225.28,237.16,235.4,190.08,182.16,194.48,219.12,172.92,189.64,172.04,213.4,194.92,195.36,228.8,204.16,150.04,151.36,148.72,172.48,172.04,174.24,185.24,192.72,199.76,2024-04-06
1924,Recurso,3AQP,199.32,200.2,200.2,200.2,199.76,200.64,168.96,187.44,171.6,174.24,160.6,178.2,200.2,223.08,169.4,171.16,182.6,182.6,182.6,183.04,183.04,190.52,190.96,190.96,2024-04-07
2183,Recurso,3AQP,190.08,190.52,189.64,188.76,167.2,153.56,172.04,170.28,154.0,120.12,124.08,192.72,196.24,198.44,201.52,213.4,164.12,161.92,166.32,161.04,158.4,171.6,120.56,147.4,2024-04-08
2448,Recurso,3AQP,148.28,147.84,147.84,148.28,148.28,171.6,181.28,180.84,147.4,156.64,179.08,179.08,155.76,154.44,170.28,194.48,215.16,166.32,171.6,162.8,166.32,161.92,171.6,168.52,2024-04-09
2714,Recurso,3AQP,170.28,170.72,171.16,170.72,174.68,191.84,165.0,143.88,146.08,150.92,161.48,162.8,162.36,167.2,177.32,179.08,181.72,181.28,174.24,136.84,155.32,125.4,147.4,165.0,2024-04-10
2981,Recurso,3AQP,147.4,137.72,129.36,117.04,157.96,142.12,140.36,141.68,147.4,148.28,150.92,159.72,162.36,169.84,183.04,182.6,181.28,147.4,142.56,149.16,129.36,140.8,114.4,149.6,2024-04-11
3249,Recurso,3AQP,162.8,163.68,164.12,167.2,174.68,182.16,199.32,199.76,200.64,239.36,257.4,164.56,198.88,161.04,117.92,118.36,165.0,170.72,175.56,174.24,124.96,146.52,143.0,137.28,2024-04-12
3515,Recurso,3AQP,146.96,119.24,143.0,150.04,153.56,134.64,123.64,139.92,141.24,141.24,154.0,166.32,166.76,166.32,165.44,149.6,155.32,153.56,140.8,142.12,137.72,139.04,144.32,145.2,2024-04-13
3775,Recurso,3AQP,132.44,141.68,143.44,134.64,126.72,121.0,113.96,150.48,133.76,140.8,145.64,159.72,149.16,163.24,163.24,157.96,129.36,161.92,123.64,143.0,137.72,99.44,162.8,143.0,2024-04-14
4038,Recurso,3AQP,116.6,137.28,143.44,138.16,117.48,118.36,124.52,127.16,155.32,165.44,185.24,213.4,153.12,163.68,165.0,183.04,203.72,241.56,157.96,167.2,168.96,163.24,138.6,144.32,2024-04-15
4302,Recurso,3AQP,147.4,150.04,150.04,149.16,145.2,125.4,117.48,132.0,112.64,141.68,160.16,160.16,160.16,160.16,165.0,162.8,128.48,157.52,138.6,126.28,157.96,131.56,120.12,143.44,2024-04-16
4569,Recurso,3AQP,143.88,143.44,138.16,161.92,100.76,90.2,,,,,197.56,239.36,228.8,176.88,77.88,165.44,176.0,194.92,148.28,150.48,152.68,143.88,145.2,139.48,2024-04-17
4839,Recurso,3AQP,135.52,135.96,135.96,135.96,135.96,151.36,162.36,106.92,146.96,21.56,604.12,673.2,493.68,365.64,293.48,234.52,297.88,230.12,152.68,275.0,235.4,202.84,164.12,180.4,2024-04-18
5111,Recurso,3AQP,176.44,202.84,212.08,216.04,238.92,322.08,322.96,224.84,272.36,238.48,242.44,212.96,210.32,190.96,191.84,183.92,169.84,160.6,179.52,185.24,186.56,271.48,490.16,308.88,2024-04-19
5381,Recurso,3AQP,248.6,186.12,222.2,165.44,185.24,168.52,134.64,135.52,160.6,172.48,171.16,171.6,172.92,172.92,166.76,130.68,132.88,141.24,144.32,150.48,160.16,150.92,157.96,157.96,2024-04-20
5657,Recurso,3AQP,155.76,149.16,153.56,121.0,155.76,142.12,144.32,144.76,146.96,147.84,149.16,182.6,217.36,217.8,166.76,161.92,86.68,177.76,535.92,766.92,745.8,769.56,608.08,537.68,2024-04-21
5930,Recurso,3AQP,492.8,403.04,389.84,225.72,285.56,355.96,343.2,329.12,378.4,463.32,462.88,465.96,475.2,482.68,344.08,402.16,410.52,362.56,329.12,330.0,331.32,430.76,306.24,301.84,2024-04-22
6203,Recurso,3AQP,306.68,312.84,311.96,270.16,236.28,230.56,222.64,217.8,242.44,218.68,261.36,281.16,229.68,237.6,227.92,196.24,219.12,154.0,224.4,224.4,224.4,223.96,222.2,186.12,2024-04-23
6480,Recurso,3AQP,183.04,183.92,182.16,169.84,148.28,158.84,198.88,169.84,192.72,208.56,211.64,195.8,204.16,220.88,180.4,196.24,166.32,192.72,194.04,162.36,169.84,162.36,104.72,132.88,2024-04-24
6762,Recurso,3AQP,135.52,137.28,136.84,137.28,136.84,444.4,635.36,601.04,496.32,371.36,365.64,374.44,368.72,299.2,297.0,306.68,265.76,267.52,265.32,236.28,249.48,249.48,211.64,200.2,2024-04-25
7038,Recurso,3AQP,201.52,201.52,202.4,201.96,202.4,254.76,257.4,174.24,210.32,216.04,217.36,217.8,233.2,260.04,262.24,156.2,239.36,244.2,256.96,271.48,277.64,325.6,338.8,227.04,2024-04-26
7321,Recurso,3AQP,249.04,202.84,230.56,302.28,229.24,219.56,223.08,190.08,213.4,228.36,228.8,236.28,245.52,255.2,275.0,273.24,194.04,245.08,245.08,206.36,204.16,208.56,183.92,218.68,2024-04-27
7597,Recurso,3AQP,219.12,249.48,257.4,276.32,284.24,253.88,279.84,282.92,281.6,281.16,280.72,290.84,352.0,237.16,291.72,290.4,289.96,297.0,295.24,242.0,237.6,223.08,227.92,228.36,2024-04-28
7873,Recurso,3AQP,227.92,227.48,226.6,215.6,160.6,219.56,272.36,227.04,213.84,233.2,265.76,272.8,271.92,268.84,264.88,260.48,216.48,238.04,244.64,244.2,244.2,239.36,212.08,222.64,2024-04-29
46,Recurso,3AQP,96.36,119.24,120.12,121.0,128.04,209.88,126.72,157.52,149.6,117.48,74.8,116.16,90.2,116.16,125.4,142.12,147.4,150.04,155.32,159.72,162.8,160.6,112.2,135.52,2024-03-01
303,Recurso,3AQP,136.4,137.28,145.64,114.4,102.96,130.24,132.0,131.56,127.16,123.2,127.16,128.04,128.48,134.64,154.44,161.48,164.56,162.8,121.0,124.52,127.6,132.88,125.4,126.28,2024-03-02
559,Recurso,3AQP,132.88,135.52,142.12,143.0,143.0,243.76,172.04,91.96,221.32,219.56,156.64,165.88,167.2,167.2,177.76,179.52,178.64,161.48,132.88,146.08,150.04,143.0,138.6,126.72,2024-03-03
819,Recurso,3AQP,143.88,144.76,144.76,145.64,141.24,128.04,130.24,117.04,141.24,152.24,133.32,138.16,139.92,138.16,138.16,138.16,140.8,143.44,146.52,149.16,152.68,158.84,162.8,132.88,2024-03-04
1090,Recurso,3AQP,136.4,137.28,121.0,100.76,125.4,134.64,128.48,107.8,133.32,134.2,143.88,157.52,144.76,139.92,143.88,143.88,143.88,143.44,143.44,143.0,142.56,141.68,139.92,132.44,2024-03-05
1363,Recurso,3AQP,125.4,127.6,130.24,128.92,21.12,154.0,221.32,146.96,171.6,160.6,182.16,160.16,168.52,158.84,160.16,165.44,164.56,126.28,134.2,140.8,141.24,141.68,141.24,141.24,2024-03-06
1625,Recurso,3AQP,141.68,144.32,144.76,147.4,151.36,154.0,159.72,160.16,143.88,114.84,51.04,144.76,153.12,162.8,187.44,202.4,124.08,157.96,152.68,142.56,148.72,132.0,117.92,125.84,2024-03-07
1892,Recurso,3AQP,127.16,127.16,128.48,134.2,134.2,145.2,174.24,173.36,172.92,161.04,153.56,164.12,169.4,173.36,175.12,174.68,171.16,147.4,157.08,153.56,138.6,159.72,138.16,139.04,2024-03-08
2161,Recurso,3AQP,136.84,19.36,,,,,,,40.48,100.32,119.24,332.64,306.68,318.12,260.04,224.84,205.48,181.72,193.16,176.44,177.76,173.8,174.68,198.0,2024-03-09
2424,Recurso,3AQP,197.56,124.52,150.04,150.04,154.0,190.96,172.04,135.08,145.2,151.36,157.52,157.96,161.92,190.96,157.08,166.76,140.36,152.68,144.32,139.92,135.96,140.36,141.68,142.12,2024-03-10
2688,Recurso,3AQP,119.24,141.68,64.24,145.2,177.76,161.92,113.52,124.08,132.44,143.0,152.24,157.08,162.36,170.28,163.24,124.52,134.2,141.24,147.4,151.36,155.76,136.4,132.88,138.16,2024-03-11
2951,Recurso,3AQP,137.28,138.16,123.64,120.56,98.56,141.68,119.24,102.08,131.12,132.0,132.88,112.2,138.6,138.6,139.04,142.56,168.96,171.6,47.96,,7.48,193.6,261.8,267.52,2024-03-12
3216,Recurso,3AQP,146.96,142.56,145.64,129.36,108.68,152.68,117.04,140.36,116.16,144.32,158.84,164.56,139.48,145.64,158.4,152.68,108.24,147.84,153.56,115.28,143.88,124.52,116.6,127.16,2024-03-13
3480,Recurso,3AQP,136.4,139.48,139.48,140.36,140.8,150.04,156.64,160.16,156.64,128.04,179.52,175.12,130.24,154.44,160.6,132.44,138.16,114.84,144.76,145.64,132.44,113.52,122.76,135.96,2024-03-14
3743,Recurso,3AQP,139.04,141.24,138.6,117.04,130.24,129.36,114.84,139.48,114.4,122.32,144.76,165.88,147.4,136.4,141.68,147.4,139.04,133.32,144.32,132.0,131.56,120.12,138.6,116.6,2024-03-15
4012,Recurso,3AQP,132.44,141.24,139.48,116.6,118.36,116.16,121.88,113.08,117.48,120.12,134.64,131.12,161.04,154.88,148.72,147.4,133.76,143.44,132.88,124.52,118.36,136.4,120.56,118.36,2024-03-16
4284,Recurso,3AQP,120.56,121.88,135.52,136.84,120.56,103.84,122.32,128.92,118.8,110.0,124.52,125.4,125.84,132.44,155.32,156.64,158.84,165.44,164.56,164.12,164.12,138.6,117.04,135.96,2024-03-17
4545,Recurso,3AQP,130.68,121.88,102.96,131.56,127.6,103.84,111.32,114.4,126.28,127.16,130.24,131.12,135.08,139.92,156.64,161.04,139.04,114.4,125.4,125.4,118.8,111.32,113.96,125.84,2024-03-18
4807,Recurso,3AQP,126.72,126.28,123.2,107.36,113.52,130.68,101.64,125.84,105.6,129.8,138.6,139.48,139.04,139.48,139.04,137.72,124.96,124.96,124.96,125.4,124.96,129.8,141.24,143.0,2024-03-19
5065,Recurso,3AQP,142.56,145.64,147.4,151.36,117.92,99.0,86.68,119.24,120.12,120.12,121.0,121.44,128.92,135.08,135.08,134.2,133.76,133.32,133.32,133.32,133.32,135.08,142.12,122.76,2024-03-20
5325,Recurso,3AQP,109.12,132.0,148.28,158.4,162.36,166.32,157.96,112.2,127.16,108.24,142.56,154.44,144.32,131.56,124.96,130.68,132.44,134.64,134.2,132.0,117.04,79.64,131.12,130.24,2024-03-21
5585,Recurso,3AQP,129.36,128.92,128.04,113.96,101.64,115.28,116.16,116.6,123.64,106.92,134.64,124.08,76.56,146.96,147.4,146.52,146.52,144.76,99.44,77.44,108.24,118.36,117.92,117.92,2024-03-22
5849,Recurso,3AQP,121.44,124.52,124.08,127.6,130.68,131.56,139.48,94.16,127.16,128.04,118.36,135.52,143.88,144.32,143.88,134.64,124.08,121.44,114.4,121.0,88.44,135.52,116.6,117.04,2024-03-23
6106,Recurso,3AQP,116.6,117.04,117.04,116.6,116.6,128.92,124.96,97.68,128.04,103.84,119.68,139.92,140.8,144.76,129.8,114.84,125.84,109.56,111.76,91.08,122.76,106.04,116.6,117.92,2024-03-24
6365,Recurso,3AQP,119.24,119.24,128.04,128.92,128.92,130.68,135.96,135.96,135.96,135.96,135.96,136.4,136.84,139.92,148.72,152.24,153.56,142.12,124.52,127.6,114.4,130.68,119.24,126.28,2024-03-25
6623,Recurso,3AQP,129.36,132.44,137.72,0.88,299.64,339.24,227.92,197.12,126.28,133.76,172.92,136.4,133.76,150.04,172.92,169.84,184.8,183.92,190.52,161.48,146.08,131.56,134.64,148.28,2024-03-26
6884,Recurso,3AQP,135.52,120.56,110.44,116.6,137.28,120.56,95.04,121.88,121.88,122.32,121.88,122.76,150.04,172.04,172.48,171.16,158.4,150.04,143.88,122.76,127.16,138.6,155.32,121.44,2024-03-27
7148,Recurso,3AQP,128.04,137.28,126.72,117.92,114.84,102.96,129.8,127.16,126.28,124.52,125.84,128.48,128.92,129.36,129.8,129.8,130.24,130.68,135.52,143.0,144.32,151.36,149.6,105.6,2024-03-28
7407,Recurso,3AQP,145.64,156.2,170.72,181.72,189.2,157.96,100.76,123.64,103.4,131.12,140.8,136.4,143.0,144.76,101.2,79.2,125.4,124.52,125.4,138.16,138.16,137.72,136.84,135.96,2024-03-29
7669,Recurso,3AQP,120.12,125.4,132.0,167.64,178.64,197.56,286.88,255.2,205.04,190.52,198.0,184.8,190.52,193.6,163.68,202.4,320.76,406.56,273.24,184.36,140.8,233.64,149.16,167.2,2024-03-30
48,Recurso,3AQP,,,,,,,,,,,,,,,,,,,,,,,,10.12,2024-01-31
295,Recurso,3AQP,137.28,160.6,166.32,115.72,81.4,173.8,203.28,177.32,158.4,168.96,168.52,162.36,113.52,201.08,184.8,84.04,95.92,48.4,200.2,138.6,159.72,180.84,146.52,160.16,2024-02-01
544,Recurso,3AQP,171.6,180.4,180.4,179.96,177.76,143.0,165.0,169.4,,,51.48,30.36,,283.36,79.64,248.6,386.32,394.68,366.52,478.72,367.4,254.32,293.04,34.76,2024-02-02
791,Recurso,3AQP,178.2,336.16,386.32,428.56,458.92,559.68,828.96,827.2,875.16,777.04,702.68,651.64,594.44,588.72,508.64,510.84,479.16,343.2,413.6,459.8,249.92,427.68,364.32,349.36,2024-02-03
1040,Recurso,3AQP,370.48,371.36,371.36,371.8,371.8,385.88,355.96,241.56,273.68,274.12,309.32,291.28,290.4,270.16,307.56,335.72,281.16,250.36,264.88,254.76,220.0,208.12,141.68,189.2,2024-02-04
1291,Recurso,3AQP,249.92,348.04,258.72,217.36,221.32,264.44,219.56,287.76,366.96,409.2,432.96,436.04,486.64,646.36,706.64,626.12,586.08,548.24,393.36,444.4,317.24,429.44,311.08,261.36,2024-02-05
1542,Recurso,3AQP,284.24,284.68,285.12,285.12,308.88,381.92,260.48,275.88,283.36,291.72,293.48,300.08,301.84,311.08,343.64,315.92,270.6,268.84,253.0,234.08,248.6,237.16,235.84,227.48,2024-02-06
1799,Recurso,3AQP,223.52,210.76,197.56,192.28,198.0,167.64,199.76,215.6,191.4,201.08,203.72,212.52,221.76,243.32,255.64,255.64,246.84,201.52,201.96,195.8,217.36,197.56,192.72,186.12,2024-02-07
2052,Recurso,3AQP,174.68,175.56,187.88,184.8,156.64,202.84,240.24,33.0,288.2,226.6,172.04,172.48,172.48,173.8,175.12,182.6,182.16,181.72,182.6,190.08,197.12,211.2,257.84,269.28,2024-02-08
2307,Recurso,3AQP,268.84,269.72,278.08,246.4,239.8,241.12,146.96,151.36,152.24,188.76,205.92,206.36,206.36,206.36,207.24,206.36,205.92,205.92,205.04,205.48,212.08,220.0,183.04,141.24,2024-02-09
2558,Recurso,3AQP,261.36,261.8,261.8,260.04,249.92,245.52,210.76,159.28,155.76,152.68,190.96,169.4,,,,,95.92,228.36,227.48,125.4,128.92,197.56,198.88,198.0,2024-02-10
2808,Recurso,3AQP,196.24,202.4,205.48,207.68,214.28,216.92,283.8,179.08,147.4,188.76,165.88,181.28,214.28,216.04,195.8,197.56,197.12,183.92,149.6,187.0,130.24,196.68,194.48,196.68,2024-02-11
3060,Recurso,3AQP,206.8,211.2,220.88,220.44,220.44,223.96,238.48,231.88,223.52,190.52,200.64,196.68,198.0,188.76,134.2,179.96,181.72,159.28,60.72,149.16,160.6,150.48,186.56,205.48,2024-02-12
3310,Recurso,3AQP,205.04,205.04,205.48,205.92,206.36,228.8,243.76,146.08,150.04,157.96,153.56,187.44,164.56,184.36,160.16,146.08,178.2,127.6,156.64,158.84,149.16,146.52,130.24,165.88,2024-02-13
3567,Recurso,3AQP,150.92,150.04,146.96,141.24,141.24,134.2,144.32,117.48,132.44,152.24,160.16,160.16,168.08,179.96,205.04,124.96,172.48,167.2,154.88,178.2,198.44,207.24,210.76,208.12,2024-02-14
3822,Recurso,3AQP,198.88,196.24,198.0,197.56,186.12,196.24,192.28,168.08,181.28,182.16,183.04,189.2,190.08,188.32,151.36,161.92,142.56,138.6,149.16,137.28,150.04,179.08,216.04,219.12,2024-02-15
4080,Recurso,3AQP,219.12,219.12,218.68,218.68,219.12,300.08,229.24,209.88,493.24,263.12,186.12,146.08,153.12,214.28,212.08,131.12,152.24,151.8,160.6,169.84,179.52,205.92,240.24,239.36,2024-02-16
4333,Recurso,3AQP,238.92,236.28,191.84,195.36,205.04,212.52,181.72,174.24,121.0,127.16,154.0,154.0,167.64,176.0,175.12,156.2,122.32,135.96,112.2,117.04,116.6,150.04,132.44,143.88,2024-02-17
4586,Recurso,3AQP,185.68,190.96,200.2,203.72,217.8,209.88,185.24,200.2,143.88,221.32,208.12,203.28,244.2,279.84,162.8,189.64,189.64,216.04,214.72,214.28,229.68,149.16,117.04,150.48,2024-02-18
4838,Recurso,3AQP,176.44,184.8,201.96,200.2,201.08,211.64,227.04,147.84,107.8,123.2,135.08,144.32,130.68,132.88,86.68,157.08,93.28,100.76,85.36,99.44,69.96,118.36,80.52,95.48,2024-02-19
5092,Recurso,3AQP,105.6,111.76,88.44,82.72,87.12,83.16,80.08,82.28,97.68,159.28,161.48,149.6,142.56,141.68,143.88,153.12,158.84,111.32,133.76,147.84,154.44,128.48,106.48,107.8,2024-02-20
5347,Recurso,3AQP,128.04,157.96,157.08,157.96,157.52,144.76,135.96,138.6,138.16,170.72,202.84,266.64,246.4,219.56,174.68,182.6,172.48,136.4,176.0,154.88,159.28,152.68,139.04,94.16,2024-02-21
5607,Recurso,3AQP,137.28,137.28,137.72,137.72,143.44,169.84,179.52,167.64,128.92,136.4,144.76,154.88,164.56,168.08,172.04,172.48,173.8,172.92,173.8,173.36,172.48,161.04,139.92,115.72,2024-02-22
5868,Recurso,3AQP,149.16,149.6,147.4,120.12,130.68,131.12,143.88,138.6,137.72,142.12,143.44,143.88,146.96,156.64,172.92,172.48,168.96,129.8,134.2,150.04,136.4,141.68,137.28,136.84,2024-02-23
6134,Recurso,3AQP,142.12,143.88,143.44,129.8,122.76,124.08,92.84,104.28,110.88,111.76,112.2,112.2,111.76,130.68,132.88,132.88,135.96,135.96,136.84,139.48,142.56,155.76,168.96,167.64,2024-02-24
6389,Recurso,3AQP,160.16,123.64,137.72,141.68,156.2,195.8,238.48,122.76,130.24,131.12,139.48,139.92,139.92,142.12,164.56,164.12,154.0,114.4,129.36,135.52,136.84,124.52,138.6,139.04,2024-02-25
6651,Recurso,3AQP,139.48,141.24,141.24,127.6,116.16,128.92,128.04,132.0,124.08,140.8,145.2,160.16,166.32,132.44,126.72,132.88,134.2,222.2,319.0,278.52,198.88,141.24,57.2,104.28,2024-02-26
6910,Recurso,3AQP,128.92,131.56,132.0,132.0,136.84,146.08,171.16,167.2,131.56,142.56,151.36,135.96,117.04,151.36,155.32,147.4,113.08,124.96,125.4,126.28,131.56,132.88,132.88,133.76,2024-02-27
7168,Recurso,3AQP,135.96,136.4,139.04,139.04,142.12,146.96,160.16,163.68,123.64,145.2,144.76,150.04,150.48,155.76,149.6,126.28,132.0,127.16,126.28,138.16,121.0,133.32,104.72,120.56,2024-02-28
7426,Recurso,3AQP,125.84,126.72,127.16,126.72,127.16,128.92,151.36,154.0,152.24,128.04,150.92,151.8,154.44,159.72,141.68,142.56,138.16,127.16,138.6,140.36,125.84,137.72,128.48,111.32,2024-02-29
51,Recurso,3AQP,392.92,371.36,374.44,385.88,390.28,396.0,406.12,392.04,362.56,392.04,395.12,392.48,396.0,399.08,401.72,401.28,377.08,362.12,377.52,377.52,377.96,378.84,383.24,379.72,2024-01-01
285,Recurso,3AQP,346.72,340.12,353.76,358.6,358.6,362.12,335.72,352.44,359.48,315.04,369.6,389.4,313.28,315.04,316.8,316.36,256.08,297.0,297.88,308.88,310.2,318.12,319.0,318.12,2024-01-02
520,Recurso,3AQP,263.56,290.4,298.32,301.4,271.48,282.48,295.24,262.68,206.8,293.92,302.28,311.08,320.76,331.32,285.12,282.92,333.52,241.12,317.24,271.48,276.76,239.36,242.44,243.76,2024-01-03
757,Recurso,3AQP,243.32,243.32,242.88,248.6,258.72,279.4,299.64,240.68,264.44,256.96,260.04,262.24,262.68,263.56,265.76,267.52,239.36,266.64,260.04,267.52,259.6,247.28,247.72,249.48,2024-01-04
1000,Recurso,3AQP,250.36,250.8,251.68,286.44,460.68,298.32,330.0,257.84,281.6,289.52,291.72,291.72,291.72,309.32,262.68,279.84,286.88,244.2,223.96,244.2,264.88,251.24,202.84,248.16,2024-01-05
1236,Recurso,3AQP,248.6,248.6,248.6,248.6,254.76,261.36,234.08,157.52,237.6,240.24,253.88,262.68,267.96,281.16,292.16,214.28,271.92,231.0,227.04,234.52,227.04,237.16,212.08,232.76,2024-01-06
1474,Recurso,3AQP,237.16,247.72,251.24,253.0,252.56,257.84,257.84,214.72,221.32,161.04,223.08,231.44,231.44,244.64,254.32,253.88,253.0,252.56,243.76,207.24,227.48,229.68,207.68,214.28,2024-01-07
1710,Recurso,3AQP,220.0,220.0,219.56,218.68,220.0,220.0,206.36,210.76,213.4,214.28,214.28,216.04,220.88,221.76,222.64,230.56,230.56,216.92,229.24,230.12,229.68,229.24,228.8,228.36,2024-01-08
1949,Recurso,3AQP,228.36,227.92,227.48,227.04,225.72,202.4,227.48,254.76,291.28,267.52,264.88,268.84,277.2,279.84,280.72,280.28,279.4,256.52,221.32,270.16,269.28,266.2,254.32,255.64,2024-01-09
2190,Recurso,3AQP,256.08,256.08,256.52,255.64,254.32,251.68,238.04,238.04,253.0,258.28,282.92,288.64,292.16,290.84,260.04,258.72,262.24,263.12,263.12,261.36,249.04,229.24,251.68,252.12,2024-01-10
2433,Recurso,3AQP,252.12,252.12,252.12,252.56,252.12,252.56,261.8,266.64,266.64,266.2,250.36,250.8,204.16,218.24,223.96,209.0,193.6,212.96,209.44,196.24,187.0,180.84,200.64,198.44,2024-01-11
2678,Recurso,3AQP,204.6,205.92,206.36,206.8,206.8,238.48,246.84,179.08,203.28,191.4,192.72,179.52,236.72,236.72,207.24,223.08,190.08,190.52,173.36,211.64,194.48,172.48,180.4,180.84,2024-01-12
2925,Recurso,3AQP,181.28,181.28,181.72,182.6,183.04,202.84,204.16,205.04,207.24,209.88,210.32,214.28,215.16,225.72,235.84,239.8,231.0,197.56,196.68,169.84,210.32,214.72,198.0,176.88,2024-01-13
3166,Recurso,3AQP,172.04,200.2,205.92,204.6,180.4,198.44,179.08,199.76,196.68,187.88,193.16,198.44,198.88,205.92,217.8,223.08,222.64,222.2,220.88,193.6,197.56,183.48,199.32,199.32,2024-01-14
3415,Recurso,3AQP,201.96,194.04,184.36,166.76,193.16,183.04,195.8,177.32,198.88,203.72,209.44,223.08,218.68,205.48,189.64,194.92,194.92,194.92,198.88,198.88,202.4,202.84,205.48,205.04,2024-01-15
3665,Recurso,3AQP,204.6,197.12,177.76,183.48,173.8,169.4,190.52,177.32,169.4,156.2,158.84,185.68,187.44,190.08,194.04,194.04,193.6,192.28,190.52,191.4,191.4,191.4,198.88,199.32,2024-01-16
3921,Recurso,3AQP,201.52,229.24,238.04,245.96,250.8,253.44,255.2,199.32,198.88,206.8,210.76,204.16,186.12,214.72,220.44,176.44,183.48,183.92,192.72,207.68,207.24,158.4,194.04,200.64,2024-01-17
4168,Recurso,3AQP,201.96,202.84,210.32,209.88,210.76,211.2,232.32,212.52,167.2,176.44,197.12,204.6,202.84,198.0,191.84,179.52,181.72,186.12,161.04,198.0,154.88,170.72,178.64,178.64,2024-01-18
4416,Recurso,3AQP,197.12,209.44,214.72,214.72,213.84,217.8,203.28,166.32,141.68,183.04,194.48,188.32,178.64,186.56,179.96,154.0,187.0,172.92,151.8,184.8,143.88,177.32,159.28,159.28,2024-01-19
4659,Recurso,3AQP,178.2,181.28,179.96,154.88,136.4,162.36,163.24,160.6,143.0,175.56,183.92,171.6,177.76,180.84,181.72,161.92,173.8,175.12,174.68,161.92,156.64,168.52,170.28,174.24,2024-01-20
4908,Recurso,3AQP,194.48,194.48,194.48,194.04,194.48,216.04,201.08,175.56,108.68,163.24,182.16,187.88,181.28,171.16,181.28,161.04,167.64,147.4,162.8,165.44,144.76,163.68,170.28,174.68,2024-01-21
5154,Recurso,3AQP,174.68,179.52,179.52,179.52,183.04,189.64,204.16,201.96,143.44,134.2,156.2,164.56,163.24,202.4,217.8,161.92,167.2,140.8,168.96,159.28,108.24,148.72,156.64,174.24,2024-01-22
5397,Recurso,3AQP,175.12,175.56,176.44,176.0,192.28,207.68,216.04,184.36,152.68,142.56,159.72,160.6,168.08,180.4,202.84,199.32,149.16,149.16,157.08,151.36,151.8,157.08,151.36,175.56,2024-01-23
5644,Recurso,3AQP,190.96,191.4,192.28,192.28,192.28,194.48,209.88,208.56,163.24,141.24,184.8,176.44,161.92,157.96,151.36,158.84,114.84,126.28,142.56,150.92,154.88,170.28,188.76,204.6,2024-01-24
5886,Recurso,3AQP,206.8,207.24,214.72,214.28,214.28,214.72,201.08,148.72,142.12,120.12,169.84,178.2,191.4,199.76,132.0,163.24,163.24,162.8,162.36,153.56,141.68,156.2,157.96,164.12,2024-01-25
6134,Recurso,3AQP,170.72,174.68,178.64,185.68,194.48,210.76,241.12,135.52,150.04,162.8,166.76,174.68,174.24,176.0,145.2,148.28,148.72,148.28,156.64,169.84,172.04,170.72,174.24,194.04,2024-01-26
6381,Recurso,3AQP,198.88,203.28,204.6,211.2,218.24,230.12,169.84,152.24,145.64,150.92,155.76,179.96,181.72,173.8,155.76,171.6,140.8,150.48,165.88,146.08,156.64,138.16,140.36,141.24,2024-01-27
6631,Recurso,3AQP,142.12,142.12,142.12,142.12,141.68,201.52,214.72,116.16,121.0,172.92,169.4,10.12,,,,,,,,,,,,,2024-01-28
